{"timestamps": {"face-0": [0.0, 2035.3666666666666], "face-1": [0.0, 2035.3666666666666], "face-2": [0.0, 2035.3666666666666], "face-3": [0.0, 2035.3666666666666], "face-4": [0.0, 2035.3666666666666]}}