{"timestamps": {"face-0": [26459.766666666666, 311411.10000000003, 366366.00000000006, 366366.00000000006, 506806.30000000005, 592291.7, 647246.6000000001, 795828.3666666667, 803969.8333333334, 808040.5666666667, 1027860.1666666669, 1066532.1333333333, 1068567.5, 1070602.8666666667, 1074673.6, 1084850.4333333333, 1113345.5666666667, 1135734.6, 1154052.9000000001, 1312811.5, 1447145.7, 1449181.0666666667, 1455287.1666666667, 1459357.9, 1465464.0000000002, 1467499.3666666667, 1469534.7333333334, 1471570.1, 1473605.4666666666, 1475640.8333333335, 1477676.2000000002, 1479711.566666667, 1481746.9333333333, 1483782.3, 1485817.6666666667, 1487853.0333333332, 1489888.4000000001, 1491923.7666666668, 1493959.1333333335, 1495994.5, 1498029.8666666667, 1500065.2333333334, 1502100.6, 1504135.9666666668, 1506171.3333333335, 1510242.0666666667, 1512277.4333333333, 1514312.8, 1516348.1666666667, 1518383.5333333334, 1520418.9000000001, 1522454.2666666666, 1524489.6333333333, 1526525.0, 1528560.366666667, 1530595.7333333334, 1532631.1, 1534666.4666666668, 1536701.8333333333, 1538737.2, 1540772.5666666667, 1569267.7000000002, 2047578.8666666667, 2049614.2333333332, 2051649.6, 2053684.9666666668, 2055720.3333333337, 2057755.7000000002, 2063861.8, 2065897.1666666667, 2067932.5333333337, 2069967.9000000001, 2076074.0, 2078109.3666666665, 2080144.7333333336, 2082180.1, 2084215.4666666666, 2086250.8333333335, 2088286.2, 2090321.566666667, 2092356.9333333336, 2094392.3, 2096427.666666667, 2098463.033333333, 2100498.4, 2106604.5, 2110675.2333333334, 2112710.6, 2116781.3333333335, 2118816.7, 2120852.066666667, 2122887.433333333, 2124922.8000000003, 2126958.166666667, 2128993.533333333, 2131028.9000000004, 2133064.2666666666, 2135099.6333333333, 2137135.0, 2261292.3666666667, 2464829.033333333], "face-1": [30530.5, 38671.96666666667, 335835.5, 337870.8666666667, 341941.6, 343976.9666666667, 346012.3333333334, 348047.7, 368401.36666666664, 368401.36666666664, 382648.93333333335, 386719.6666666667, 388755.0333333334, 390790.4, 394861.1333333333, 468134.3333333334, 470169.7, 472205.0666666667, 476275.8, 504770.93333333335, 506806.30000000005, 508841.6666666667, 527159.9666666667, 529195.3333333334, 531230.7000000001, 533266.0666666667, 537336.8, 539372.1666666666, 541407.5333333334, 543442.9, 545478.2666666667, 547513.6333333333, 549549.0, 551584.3666666667, 553619.7333333333, 557690.4666666667, 559725.8333333334, 561761.2000000001, 563796.5666666667, 565831.9333333333, 567867.3, 569902.6666666667, 571938.0333333333, 573973.4000000001, 576008.7666666667, 578044.1333333333, 580079.5, 582114.8666666667, 584150.2333333334, 586185.6, 588220.9666666667, 590256.3333333334, 592291.7, 594327.0666666668, 596362.4333333333, 596362.4333333333, 598397.8, 598397.8, 600433.1666666667, 602468.5333333333, 604503.9, 604503.9, 606539.2666666666, 620786.8333333334, 622822.2000000001, 624857.5666666667, 624857.5666666667, 647246.6000000001, 671671.0, 773439.3333333334, 783616.1666666667, 787686.9, 797863.7333333334, 799899.1000000001, 801934.4666666667, 803969.8333333334, 806005.2000000001, 808040.5666666667, 814146.6666666667, 816182.0333333333, 820252.7666666667, 822288.1333333333, 824323.5000000001, 826358.8666666667, 828394.2333333333, 830429.6000000001, 832464.9666666667, 834500.3333333334, 836535.7000000001, 838571.0666666668, 840606.4333333333, 842641.8, 844677.1666666667, 846712.5333333333, 848747.9, 850783.2666666667, 852818.6333333334, 865030.8333333334, 885384.5, 887419.8666666667, 889455.2333333334, 893525.9666666667, 1003435.7666666667, 1005471.1333333333, 1007506.5000000001, 1009541.8666666667, 1011577.2333333334, 1013612.6000000001, 1015647.9666666667, 1017683.3333333334, 1019718.7000000001, 1025824.8, 1027860.1666666669, 1029895.5333333333, 1031930.9, 1033966.2666666668, 1036001.6333333333, 1038037.0, 1040072.3666666668, 1042107.7333333333, 1044143.1, 1046178.4666666668, 1048213.8333333335, 1050249.2, 1052284.5666666667, 1054319.9333333333, 1056355.3, 1058390.6666666667, 1060426.0333333334, 1062461.4000000001, 1064496.7666666666, 1066532.1333333333, 1068567.5, 1070602.8666666667, 1072638.2333333334, 1074673.6, 1086885.8, 1143876.0666666667, 1147946.8000000003, 1149982.1666666667, 1154052.9000000001, 1158123.6333333333, 1160159.0, 1162194.3666666667, 1164229.7333333334, 1166265.1, 1168300.4666666668, 1170335.8333333333, 1243609.0333333334, 1245644.4000000001, 1247679.7666666666, 1249715.1333333333, 1251750.5, 1253785.866666667, 1255821.2333333334, 1257856.6, 1282281.0, 1286351.7333333334, 1288387.1, 1290422.4666666666, 1292457.8333333335, 1294493.2000000002, 1298563.9333333333, 1310776.1333333333, 1312811.5, 1314846.8666666667, 1316882.2333333334, 1318917.6, 1719884.8333333335, 1723955.5666666667, 1725990.9333333336, 1728026.3, 1730061.6666666667, 1732097.0333333334, 1734132.4000000001, 1748379.9666666668, 1750415.3333333333, 1754486.066666667, 1756521.4333333333, 1772804.3666666667, 1776875.0999999999, 1778910.4666666668, 1780945.8333333335, 1785016.5666666667, 1787051.9333333333, 1789087.3, 1791122.6666666667, 1793158.0333333334, 1795193.4000000001, 1797228.7666666668, 1803334.8666666667, 1805370.2333333334, 1811476.3333333335, 1813511.7, 1815547.0666666667, 1817582.4333333336, 1819617.8, 1819617.8, 1821653.1666666667, 1837936.1, 1839971.4666666668, 1882714.166666667, 1901032.4666666668, 1901032.4666666668, 1907138.5666666667, 1919350.7666666666, 2151382.566666667, 2153417.9333333336, 2155453.3000000003, 2157488.6666666665, 2159524.0333333337, 2161559.4, 2177842.3333333335, 2179877.7, 2183948.4333333336, 2185983.8, 2194125.266666667, 2196160.6333333333, 2198196.0, 2200231.3666666667, 2204302.1, 2206337.466666667, 2208372.8333333335, 2210408.2, 2212443.566666667, 2216514.3000000003, 2218549.666666667, 2220585.033333333, 2222620.4000000004, 2222620.4000000004, 2224655.7666666666, 2226691.1333333333, 2226691.1333333333, 2228726.5, 2230761.8666666667, 2232797.2333333334, 2234832.6, 2236867.966666667, 2238903.3333333335, 2240938.7, 2240938.7, 2242974.066666667, 2242974.066666667, 2245009.4333333336, 2261292.3666666667, 2263327.7333333334, 2279610.666666667, 2281646.033333333, 2424121.7, 2424121.7, 2460758.3, 2462793.666666667, 2470935.1333333333], "face-2": [107874.43333333335, 107874.43333333335, 109909.8, 109909.8, 111945.16666666667, 111945.16666666667, 113980.53333333334, 113980.53333333334, 116015.90000000001, 116015.90000000001, 118051.26666666668, 118051.26666666668, 120086.63333333333, 120086.63333333333, 122122.0, 122122.0, 1730061.6666666667, 2185983.8], "face-3": [148581.7666666667, 150617.13333333333, 152652.5, 154687.86666666667, 156723.23333333337, 158758.6, 160793.96666666667, 162829.33333333334, 164864.7, 166900.06666666668, 168935.43333333335, 170970.8, 173006.1666666667, 175041.53333333335, 177076.9, 179112.26666666666, 181147.63333333333, 183183.00000000003, 185218.36666666667, 187253.73333333334, 189289.1, 191324.46666666667, 193359.83333333334, 195395.2, 197430.56666666665, 199465.93333333335, 201501.30000000002, 203536.6666666667, 205572.03333333333, 207607.40000000002, 209642.7666666667, 211678.13333333333, 213713.5, 215748.8666666667, 217784.23333333334, 2261292.3666666667], "face-4": [358224.5333333333, 545478.2666666667, 803969.8333333334, 1483782.3, 1555020.1333333335, 1557055.5000000002, 1561126.2333333334, 1563161.6, 1565196.9666666666, 1567232.3333333335, 1569267.7000000002, 1571303.066666667, 1573338.4333333333, 1575373.8, 1583515.2666666668, 2086250.8333333335, 2116781.3333333335, 2452616.8333333335, 2460758.3],