{"timestamps": {"face-0": [205572.03333333333, 207607.40000000002, 219819.6, 234067.1666666667], "face-1": [209642.7666666667, 234067.1666666667, 250350.10000000003, 262562.3, 266633.0333333333, 268668.4, 270703.7666666667, 272739.13333333336, 276809.86666666664, 278845.23333333334, 280880.60000000003, 286986.70000000007, 295128.1666666667, 297163.5333333334, 305305.0, 307340.3666666667, 309375.73333333334, 464063.60000000003], "face-2": [256456.2, 262562.3, 266633.0333333333, 268668.4, 270703.7666666667, 272739.13333333336, 276809.86666666664, 278845.23333333334, 280880.60000000003, 286986.70000000007, 295128.1666666667, 297163.5333333334, 305305.0, 307340.3666666667, 309375.73333333334]}}