{"timestamps": {"face-0": [6106.1, 22389.033333333333, 26459.766666666666, 71237.83333333334, 91591.50000000001, 95662.23333333334, 105839.06666666667, 268668.4, 563796.5666666667, 2340671.6666666665, 2456687.566666667, 2786416.966666667, 2790487.7], "face-1": [38671.96666666667, 193359.83333333334, 268668.4, 284951.3333333334, 299198.9, 708307.6, 714413.7000000001, 730696.6333333333, 732732.0000000001, 734767.3666666667, 736802.7333333333, 740873.4666666667, 742908.8333333334, 746979.5666666668, 749014.9333333333, 751050.3, 753085.6666666667, 755121.0333333333, 757156.4, 759191.7666666667, 761227.1333333333, 763262.5, 767333.2333333334, 769368.6, 771403.9666666668, 773439.3333333334, 775474.7, 777510.0666666668, 779545.4333333333, 1404403.0, 1573338.4333333333, 2106604.5, 2395626.566666667, 2456687.566666667, 2483147.3333333335, 2485182.7, 2491288.8000000003, 2499430.2666666666, 2521819.3000000003, 2523854.6666666665, 2538102.2333333334, 2790487.7, 2857654.8000000003, 2894291.4], "face-2": [61061.0, 71237.83333333334, 91591.50000000001, 95662.23333333334, 103803.70000000001, 105839.06666666667, 325658.6666666667, 329729.4, 333800.13333333336, 352118.43333333335, 354153.8, 362295.26666666666, 364330.63333333336, 368401.36666666664, 372472.10000000003, 374507.4666666667, 376542.8333333334, 380613.56666666665, 384684.3, 386719.6666666667, 396896.5, 398931.8666666667, 400967.23333333334, 403002.60000000003, 405037.96666666673, 407073.3333333334, 413179.43333333335, 415214.80000000005, 417250.1666666667, 419285.5333333334, 421320.9, 425391.63333333336, 427427.0], "face-3": [170970.8, 179112.26666666666, 185218.36666666667, 191324.46666666667, 193359.83333333334, 307340.3666666667, 309375.73333333334, 331764.76666666666, 346012.3333333334, 350083.0666666667, 358224.5333333333, 370436.73333333334, 384684.3, 392825.7666666667, 392825.7666666667, 667600.2666666667, 710342.9666666667, 730696.6333333333, 734767.3666666667, 736802.7333333333, 761227.1333333333, 1225290.7333333334, 1404403.0, 1958022.7333333334, 1960058.1, 1964128.8333333335, 1968199.5666666667, 1970234.9333333333, 1972270.3, 1976341.0333333334, 1978376.4000000001, 1988553.2333333336, 1990588.6, 1992623.9666666668, 1994659.3333333335, 1998730.0666666667, 2000765.4333333336, 2002800.8000000003, 2004836.1666666667, 2006871.5333333334, 2008906.9000000001, 2010942.2666666666, 2012977.6333333333, 2017048.3666666667, 2023154.4666666668, 2031295.9333333333, 2037402.0333333334, 2039437.4000000001, 2041472.7666666668, 2047578.8666666667, 2049614.2333333332, 2051649.6, 2053684.9666666668, 2055720.3333333337, 2057755.7000000002, 2059791.0666666667, 2061826.4333333336, 2106604.5, 2322353.3666666667, 2354919.2333333334, 2373237.533333333, 2379343.6333333333, 2717214.5, 2723320.6, 2739603.533333333, 2741638.9, 2747745.0000000005, 2753851.1, 2757921.8333333335, 2825088.9333333336], "face-4": [280880.60000000003, 282915.9666666667, 284951.3333333334, 286986.70000000007, 289022.06666666665, 291057.43333333335, 293092.8, 295128.1666666667, 297163.5333333334, 299198.9, 301234.26666666666, 303269.6333333333, 305305.0, 307340.3666666667, 309375.73333333334, 346012.3333333334, 350083.0666666667, 384684.3, 392825.7666666667, 1404403.0, 1711743.366666667, 2106604.5, 2397661.933333333, 2456687.566666667, 2483147.3333333335, 2529960.7666666666, 2534031.5, 2538102.2333333334, 2717214.5, 2717214.5], "face-5": [321587.93333333335, 323623.30000000005, 325658.6666666667, 327694.0333333333, 329729.4, 331764.76666666666, 333800.13333333336, 335835.5, 337870.8666666667, 339906.2333333334, 341941.6, 343976.9666666667, 346012.3333333334, 346012.3333333334, 348047.7, 350083.0666666667, 350083.0666666667, 352118.43333333335, 354153.8, 356189.1666666667, 358224.5333333333, 360259.9, 362295.26666666666, 364330.63333333336, 366366.00000000006, 368401.36666666664, 370436.73333333334, 372472.10000000003, 374507.4666666667, 376542.8333333334, 378578.2, 380613.56666666665, 382648.93333333335, 384684.3, 384684.3, 386719.6666666667, 388755.0333333334, 390790.4, 392825.7666666667, 392825.7666666667, 394861.1333333333, 396896.5, 398931.8666666667, 400967.23333333334, 403002.60000000003, 405037.96666666673, 407073.3333333334, 409108.7, 411144.06666666665, 413179.43333333335, 415214.80000000005, 417250.1666666667, 419285.5333333334, 421320.9, 423356.26666666666, 425391.63333333336, 427427.0, 429462.3666666667, 431497.7333333334, 435568.4666666667, 710342.9666666667, 714413.7000000001, 734767.3666666667, 736802.7333333333, 742908.8333333334, 746979.5666666668, 753085.6666666667, 757156.4, 759191.7666666667, 761227.1333333333, 763262.5, 767333.2333333334, 771403.9666666668, 773439.3333333334, 775474.7, 777510.0666666668, 1113345.5666666667, 2322353.3666666667, 2354919.2333333334, 2373237.533333333, 2379343.6333333333, 2397661.933333333], "face-6": [443709.93333333335, 445745.30000000005, 447780.6666666667, 447780.6666666667, 449816.0333333333, 451851.4, 453886.76666666666, 455922.13333333336, 457957.50000000006, 459992.8666666667, 462028.23333333334, 464063.60000000003, 466098.9666666667, 468134.3333333334, 470169.7, 472205.0666666667, 474240.43333333335, 476275.8, 478311.1666666667, 480346.5333333333, 482381.9, 484417.2666666667, 486452.63333333336, 488488.0, 490523.3666666667, 492558.73333333334, 494594.10000000003, 496629.4666666667, 498664.8333333334, 500700.20000000007, 502735.56666666665, 504770.93333333335, 506806.30000000005, 508841.6666666667, 510877.0333333334, 512912.4, 514947.76666666666, 516983.1333333334, 519018.5, 521053.86666666664, 523089.2333333334, 525124.6, 527159.9666666667, 529195.3333333334, 531230.7000000001, 533266.0666666667, 535301.4333333333, 537336.8, 539372.1666666666, 541407.5333333334, 543442.9, 545478.2666666667, 547513.6333333333, 549549.0, 551584.3666666667, 553619.7333333333, 555655.1000000001, 557690.4666666667, 559725.8333333334, 799899.1000000001, 2261292.3666666667, 2761992.566666667], "face-7": [567867.3, 569902.6666666667, 571938.0333333333, 573973.4000000001, 576008.7666666667, 578044.1333333333, 580079.5, 582114.8666666667, 584150.2333333334, 586185.6, 588220.9666666667, 590256.3333333334, 592291.7, 594327.0666666668, 596362.4333333333, 598397.8, 600433.1666666667, 602468.5333333333, 604503.9, 606539.2666666666, 608574.6333333334, 610610.0, 612645.3666666667, 614680.7333333334, 616716.1, 618751.4666666667, 620786.8333333334, 622822.2000000001, 624857.5666666667, 626892.9333333335, 628928.3, 630963.6666666666, 632999.0333333334, 635034.4, 637069.7666666667, 639105.1333333333, 641140.5, 643175.8666666667, 645211.2333333333, 647246.6000000001, 649281.9666666667, 651317.3333333334, 653352.7000000001, 655388.0666666667, 657423.4333333333, 659458.8, 661494.1666666667, 663529.5333333333, 665564.9, 667600.2666666667, 669635.6333333333, 671671.0, 673706.3666666667, 675741.7333333334, 677777.1, 679812.4666666668, 681847.8333333334, 683883.2, 685918.5666666668, 687953.9333333333, 689989.3, 692024.6666666667, 694060.0333333334, 696095.4, 698130.7666666666, 891490.6000000001, 905738.1666666667, 911844.2666666667, 917950.3666666667, 919985.7333333334, 1011577.2333333334, 1019718.7000000001, 1221220.0, 1225290.7333333334, 1583515.2666666668, 1644576.2666666666, 1671036.0333333332, 1738203.1333333335, 1955987.3666666667, 1958022.7333333334, 1966164.2000000002, 1970234.9333333333, 1972270.3, 1974305.666666667, 1976341.0333333334, 1978376.4000000001, 1980411.7666666668, 1982447.1333333333, 1984482.5, 1988553.2333333336, 1990588.6, 1992623.9666666668, 1994659.3333333335, 1996694.7, 1998730.0666666667, 2000765.4333333336, 2002800.8000000003, 2004836.1666666667, 2006871.5333333334, 2008906.9000000001, 2010942.2666666666, 2012977.6333333333, 2017048.3666666667, 2041472.7666666668, 2045543.5, 2047578.8666666667, 2049614.2333333332, 2051649.6, 2053684.9666666668, 2055720.3333333337, 2059791.0666666667, 2591021.7666666666, 2617481.5333333337, 2623587.633333334, 2627658.366666667, 2631729.1, 2633764.466666667],